{
  "id": "imperium-nihilus",
  "title": "Warhammer 40,000 : Imperium Nihilus",
  "description": "A custom tabletop game based on the Warhammer 40K universe.",
  "version": "0.0.1-2",
  "url": "https://github.com/TheXeler/warhammer-imperiumnihilus",
  "manifest": "https://raw.githubusercontent.com/TheXeler/warhammer-imperiumnihilus/master/system.json",
  "download": "https://raw.githubusercontent.com/TheXeler/warhammer-imperiumnihilus/master/update.zip",
  "esmodules": [
    "module/main.mjs"
  ],
  "styles": [
    "style/style.css"
  ],
  "compatibility": {
    "verified": 14
  },
  "authors": [
    {
      "name": "TheXeler",
      "url": "https://github.com/TheXeler"
    }
  ],
  "documentTypes": {
    "Actor": {
      "Character": {
        "htmlFields": []
      },
      "Unit": {
        "htmlFields": []
      }
    },
    "Item": {
      "Weapon": {
        "htmlFields": []
      },
      "Armor": {
        "htmlFields": []
      },
      "Tech": {
        "htmlFields": []
      }
    }
  },
  "languages": [
    {
      "lang": "en",
      "name": "English",
      "path": "lang/en.json"
    },
    {
      "lang": "zh-cn",
      "name": "简体中文",
      "path": "lang/zh-cn.json"
    }
  ],
  "packs": [
    {
      "name": "characters",
      "label": "TYPES.Actor.Characters",
      "type": "Actor",
      "system": "warhammer-imperiumnihilus"
    },
    {
      "name": "units",
      "label": "TYPES.Actor.Units",
      "type": "Actor",
      "system": "warhammer-imperiumnihilus"
    },
    {
      "name": "weapons",
      "label": "TYPES.Item.Weapons",
      "type": "Item",
      "system": "warhammer-imperiumnihilus"
    },
    {
      "name": "armors",
      "label": "TYPES.Item.Armors",
      "type": "Item",
      "system": "warhammer-imperiumnihilus"
    }
  ],
  "primaryTokenAttribute": "attributes.health"
}
